{
  "editorVersion": "6.5.22",
  "docType": "5",
  "title": "Lisa PSU Replacement - PicoATX (Alternate ATC Connector)",
  "description": "",
  "colors": {},
  "schematics": [
    {
      "docType": "1",
      "title": "PSU",
      "description": "",
      "dataStr": {
        "head": {
          "docType": "1",
          "editorVersion": "6.5.22",
          "newgId": true,
          "c_para": {
            "Prefix Start": "1"
          },
          "c_spiceCmd": "null",
          "hasIdFlag": true,
          "uuid": "e38a4d5bf4e4446499406bea31874a84",
          "x": "0",
          "y": "0",
          "portOfADImportHack": "",
          "importFlag": 0,
          "transformList": ""
        },
        "canvas": "CA~1000~1000~#FFFFFF~yes~#CCCCCC~5~1000~1000~line~5~pixel~5~0~0",
        "shape": [
          "LIB~-365~-390~package`LISA_PSU_AC_IN`BOM_Manufacturer``BOM_Manufacturer Part``BOM_Supplier Part``BOM_Supplier``link``Contributor`William Tooker`spicePre`C`spiceSymbolName`LISA_PSU_AC_IN`~~0~gge6ad37d7f1668ee07~aac92c7e94624833832acc0a7ca631db~5c814ac59091406cb10ae45da6f2767a~0~~yes~yes~017d624e28c44b449fa8105197aa7ed7~1666488734~dbdff2a932b44118a0246560360fe306#@$T~N~-367.4375~-421.796875~0~#000080~Arial~~~~~comment~AC IN~1~start~gge8965~0~#@$T~P~-364.3359375~-431.796875~0~#000080~Arial~~~~~comment~CN3~1~start~gge8971~0~#@$P~show~0~1~-385~-410~180~gge8977~0^^-385~-410^^M -385 -410 h 20~#880000^^1~-363~-407~0~H~start~~~#0000FF^^1~-370~-411~0~1~end~~~#0000FF^^0~-368~-410^^0~M -365 -407 L -362 -410 L -365 -413#@$P~show~0~2~-385~-390~180~gge8998~0^^-385~-390^^M -385 -390 h 20~#880000^^1~-363~-387~0~FG~start~~~#0000FF^^1~-370~-391~0~2~end~~~#0000FF^^0~-368~-390^^0~M -365 -387 L -362 -390 L -365 -393#@$P~show~0~3~-385~-370~180~gge9019~0^^-385~-370^^M -385 -370 h 20~#880000^^1~-363~-367~0~N~start~~~#0000FF^^1~-370~-371~0~3~end~~~#0000FF^^0~-368~-370^^0~M -365 -367 L -362 -370 L -365 -373#@$R~-365~-420~~~20~60~#000000~1~0~none~gge9040~0~",
          "LIB~-450~-645~package`LISA_RESISTOR`BOM_Manufacturer``BOM_Manufacturer Part``BOM_Supplier Part``BOM_Supplier``link``Contributor`William Tooker`spicePre`R`spiceSymbolName`LISA_CPU_RESISTOR`~~0~gge97db8e5036137182~9233fc65b4ba4b6384742c26f4c09da7~0bd77dda4b6d41d286a55cbf8f7e98c1~0~~yes~yes~beb2008f166d47a0a21f50b2ea541715~1659662409~8afbe4c003234b44826986fa41eadc26#@$T~N~-460.8984375~-631.828125~0~#000080~Arial~~~~~comment~100K~1~start~gge9127~0~#@$T~P~-455.96875~-651.828125~0~#000080~Arial~~~~~comment~R1~1~start~gge9133~0~#@$P~show~0~1~-470~-645~180~gge9139~0^^-470~-645^^M -460 -645 h -10~#800^^0~-456~-645~0~1~start~~~#800^^0~-464~-649~0~1~end~~~#800^^0~-483~-645^^0~M -480 -642 L -477 -645 L -480 -648#@$P~show~0~2~-430~-645~0~gge9160~0^^-430~-645^^M -440 -645 h 10~#800^^0~-444~-645~0~2~end~~~#800^^0~-436~-649~0~2~start~~~#800^^0~-417~-645^^0~M -420 -648 L -423 -645 L -420 -642#@$R~-460~-649~~~20~8~#A00000~1~0~none~gge9181~0~",
          "LIB~-330~-545~package`LISA_RESISTOR`BOM_Manufacturer``BOM_Manufacturer Part``BOM_Supplier Part``BOM_Supplier``link``Contributor`William Tooker`spicePre`R`spiceSymbolName`LISA_CPU_RESISTOR`~180~0~gge41d3c37f5ac8e847~9233fc65b4ba4b6384742c26f4c09da7~0bd77dda4b6d41d286a55cbf8f7e98c1~0~~yes~yes~beb2008f166d47a0a21f50b2ea541715~1659662409~8afbe4c003234b44826986fa41eadc26#@$T~N~-340.8984375~-531.796875~0~#000080~Arial~~~~~comment~100K~1~start~gge9316~0~#@$T~P~-335.96875~-551.796875~0~#000080~Arial~~~~~comment~R6~1~start~gge9322~0~#@$P~show~0~1~-310~-545~0~gge9328~0^^-310~-545^^M -320 -545 h 10~#800^^0~-324~-545~0~1~end~~~#800^^0~-316~-549~0~1~start~~~#800^^0~-297~-545^^0~M -300 -548 L -303 -545 L -300 -542#@$P~show~0~2~-350~-545~180~gge9349~0^^-350~-545^^M -340 -545 h -10~#800^^0~-336~-545~0~2~start~~~#800^^0~-344~-549~0~2~end~~~#800^^0~-363~-545^^0~M -360 -542 L -357 -545 L -360 -548#@$R~-340~-549~~~20~8~#A00000~1~0~none~gge9370~0~",
          "F~part_netLabel_netPort~-90~-665~0~gge9538~~0^^-90~-665^^+300V~#0000FF~-112~-661.466~0~end~1~Times New Roman~8pt~flag_gge187^^PL~-90 -665 -95 -660 -110 -660 -110 -670 -95 -670 -90 -665~#0000FF~1~0~transparent~gge9550~0",
          "LIB~-390~-665~package`LISA_RESISTOR`BOM_Manufacturer``BOM_Manufacturer Part``BOM_Supplier Part``BOM_Supplier``link``Contributor`William Tooker`spicePre`R`spiceSymbolName`LISA_CPU_RESISTOR`~180~0~gge9ac7ae4a5a65c315~9233fc65b4ba4b6384742c26f4c09da7~0bd77dda4b6d41d286a55cbf8f7e98c1~0~~yes~yes~beb2008f166d47a0a21f50b2ea541715~1659662409~8afbe4c003234b44826986fa41eadc26#@$T~N~-400.8984375~-651.796875~0~#000080~Arial~~~~~comment~100K~1~start~gge9562~0~#@$T~P~-395.96875~-671.796875~0~#000080~Arial~~~~~comment~R4~1~start~gge9568~0~#@$P~show~0~1~-370~-665~0~gge9574~0^^-370~-665^^M -380 -665 h 10~#800^^0~-384~-665~0~1~end~~~#800^^0~-376~-669~0~1~start~~~#800^^0~-357~-665^^0~M -360 -668 L -363 -665 L -360 -662#@$P~show~0~2~-410~-665~180~gge9595~0^^-410~-665^^M -400 -665 h -10~#800^^0~-396~-665~0~2~start~~~#800^^0~-404~-669~0~2~end~~~#800^^0~-423~-665^^0~M -420 -662 L -417 -665 L -420 -668#@$R~-400~-669~~~20~8~#A00000~1~0~none~gge9616~0~",
          "LIB~-510~-545~package`LISA_CRT_POT`BOM_Manufacturer``BOM_Manufacturer Part``BOM_Supplier Part``BOM_Supplier``link``Contributor`William Tooker`spicePre`R`spiceSymbolName`LISA_CRT_POT`~~0~gge0e4e0cf7ba2db226~1dee06e8335a4ed2bebe7bca9aafac6e~97f3eee0fe7849ecb5d8d064609311e5~0~~yes~yes~3cf125dc69d94200b898b336f89027d5~1666513812~efeb988c937b4787b978c69601f2b467#@$T~N~-487.375~-576.75~0~#000080~Arial~~~~~comment~BRIGHT~1~end~gge9694~0~#@$T~P~-499.03125~-586.75~0~#000080~Arial~~~~~comment~R5~1~end~gge9700~0~#@$P~show~0~1~-470~-565~0~gge9706~0^^-470~-565^^M -470 -565 h -20~#880000^^1~-492~-562~0~IN~end~~~#0000FF^^1~-485~-566~0~1~start~~~#0000FF^^0~-487~-565^^0~M -490 -568 L -493 -565 L -490 -562#@$P~show~0~2~-470~-545~0~gge9727~0^^-470~-545^^M -470 -545 h -20~#880000^^1~-492~-542~0~OUT~end~~~#0000FF^^1~-485~-546~0~2~start~~~#0000FF^^0~-487~-545^^0~M -490 -548 L -493 -545 L -490 -542#@$P~show~0~3~-470~-525~0~gge9748~0^^-470~-525^^M -470 -525 h -20~#880000^^1~-492~-522~0~GND~end~~~#0000FF^^1~-485~-526~0~3~start~~~#0000FF^^0~-487~-525^^0~M -490 -528 L -493 -525 L -490 -522#@$R~-520~-575~~~30~60~#000000~1~0~none~gge9769~0~",
          "LIB~-510~-665~package`LISA_CRT_POT`BOM_Manufacturer``BOM_Manufacturer Part``BOM_Supplier Part``BOM_Supplier``link``Contributor`William Tooker`spicePre`R`spiceSymbolName`LISA_CRT_POT`~~0~gge578b91e8f85e095f~1dee06e8335a4ed2bebe7bca9aafac6e~97f3eee0fe7849ecb5d8d064609311e5~0~~yes~yes~3cf125dc69d94200b898b336f89027d5~1666513812~efeb988c937b4787b978c69601f2b467#@$T~N~-488.6640625~-696.796875~0~#000080~Arial~~~~~comment~FOCUS~1~end~gge9790~0~#@$T~P~-499.03125~-706.796875~0~#000080~Arial~~~~~comment~R3~1~end~gge9796~0~#@$P~show~0~1~-470~-685~0~gge9802~0^^-470~-685^^M -470 -685 h -20~#880000^^1~-492~-682~0~IN~end~~~#0000FF^^1~-485~-686~0~1~start~~~#0000FF^^0~-487~-685^^0~M -490 -688 L -493 -685 L -490 -682#@$P~show~0~2~-470~-665~0~gge9823~0^^-470~-665^^M -470 -665 h -20~#880000^^1~-492~-662~0~OUT~end~~~#0000FF^^1~-485~-666~0~2~start~~~#0000FF^^0~-487~-665^^0~M -490 -668 L -493 -665 L -490 -662#@$P~show~0~3~-470~-645~0~gge9844~0^^-470~-645^^M -470 -645 h -20~#880000^^1~-492~-642~0~GND~end~~~#0000FF^^1~-485~-646~0~3~start~~~#0000FF^^0~-487~-645^^0~M -490 -648 L -493 -645 L -490 -642#@$R~-520~-695~~~30~60~#000000~1~0~none~gge9865~0~",
          "W~-90 -665 -70 -665~#008800~1~0~none~gge9877~0",
          "F~part_netLabel_netPort~-90~-645~0~gge9880~~0^^-90~-645^^BRIGHT~#0000FF~-112~-641.394~0~end~1~Times New Roman~8pt~flag_gge190^^PL~-90 -645 -95 -640 -110 -640 -110 -650 -95 -650 -90 -645~#0000FF~1~0~transparent~gge9892~0",
          "F~part_netLabel_netPort~-90~-625~0~gge9895~~0^^-90~-625^^FOCUS~#0000FF~-112~-621.394~0~end~1~Times New Roman~8pt~flag_gge193^^PL~-90 -625 -95 -620 -110 -620 -110 -630 -95 -630 -90 -625~#0000FF~1~0~transparent~gge9907~0",
          "F~part_netLabel_netPort~70~-425~0~gge9925~~0^^70~-425^^GND~#0000FF~92~-421.7~0~start~1~Times New Roman~8pt~flag_gge196^^PL~70 -425 75 -420 90 -420 90 -430 75 -430 70 -425~#0000FF~1~0~transparent~gge9937~0",
          "W~-90 -645 -70 -645~#008800~1~0~none~gge9955~0",
          "W~-90 -625 -70 -625~#008800~1~0~none~gge9958~0",
          "W~70 -645 50 -645~#008800~1~0~none~gge9964~0",
          "F~part_netLabel_netPort~70~-645~0~gge9967~~0^^70~-645^^-100V~#0000FF~118.625~-641.4018125~0~end~1~Times New Roman~8pt~flag_gge199^^PL~70 -645 75 -640 90 -640 90 -650 75 -650 70 -645~#0000FF~1~0~transparent~gge9979~0",
          "F~part_netLabel_netPort~70~-665~0~gge9982~~0^^70~-665^^BRTRET~#0000FF~92~-661.394~0~start~1~Times New Roman~8pt~flag_gge202^^PL~70 -665 75 -660 90 -660 90 -670 75 -670 70 -665~#0000FF~1~0~transparent~gge9994~0",
          "W~70 -665 50 -665~#008800~1~0~none~gge10012~0",
          "O~50~-625~gge10015~M 46 -629 L 54 -621 M 54 -629 L 46 -621~#33cc33~0",
          "O~-70~-265~gge10021~M -74 -269 L -66 -261 M -66 -269 L -74 -261~#33cc33~0",
          "O~50~-265~gge10027~M 46 -269 L 54 -261 M 54 -269 L 46 -261~#33cc33~0",
          "O~50~-245~gge10033~M 46 -249 L 54 -241 M 54 -249 L 46 -241~#33cc33~0",
          "O~-70~-525~gge10045~M -74 -529 L -66 -521 M -66 -529 L -74 -521~#33cc33~0",
          "O~-70~-545~gge10051~M -74 -549 L -66 -541 M -66 -549 L -74 -541~#33cc33~0",
          "O~-70~-565~gge10057~M -74 -569 L -66 -561 M -66 -569 L -74 -561~#33cc33~0",
          "F~part_netLabel_netPort~-300~-545~0~gge10072~~0^^-300~-545^^BRIGHT~#0000FF~-278~-541.394~0~start~1~Times New Roman~8pt~flag_gge205^^PL~-300 -545 -295 -540 -280 -540 -280 -550 -295 -550 -300 -545~#0000FF~1~0~transparent~gge10084~0",
          "W~-300 -545 -310 -545~#008800~1~0~none~gge10090~0",
          "F~part_netLabel_netPort~-300~-685~0~gge10096~~0^^-300~-685^^+300V~#0000FF~-278~-681.466~0~start~1~Times New Roman~8pt~flag_gge208^^PL~-300 -685 -295 -680 -280 -680 -280 -690 -295 -690 -300 -685~#0000FF~1~0~transparent~gge10108~0",
          "W~-300 -685 -470 -685~#008800~1~0~none~gge10111~0",
          "W~-410 -665 -470 -665~#008800~1~0~none~gge10114~0",
          "W~-300 -665 -370 -665~#008800~1~0~none~gge10117~0",
          "W~-350 -545 -470 -545~#008800~1~0~none~gge10141~0",
          "F~part_netLabel_netPort~-300~-665~0~gge10170~~0^^-300~-665^^FOCUS~#0000FF~-278~-661.394~0~start~1~Times New Roman~8pt~flag_gge211^^PL~-300 -665 -295 -660 -280 -660 -280 -670 -295 -670 -300 -665~#0000FF~1~0~transparent~gge10182~0",
          "F~part_netLabel_netPort~-300~-645~0~gge10207~~0^^-300~-645^^-100V~#0000FF~-251.375~-641.4018125~0~end~1~Times New Roman~8pt~flag_gge214^^PL~-300 -645 -295 -640 -280 -640 -280 -650 -295 -650 -300 -645~#0000FF~1~0~transparent~gge10219~0",
          "LIB~-420~-625~package`LISA_RESISTOR`BOM_Manufacturer``BOM_Manufacturer Part``BOM_Supplier Part``BOM_Supplier``link``Contributor`William Tooker`spicePre`R`spiceSymbolName`LISA_CPU_RESISTOR`~270~0~ggefbd7e4b86a114b3b~9233fc65b4ba4b6384742c26f4c09da7~0bd77dda4b6d41d286a55cbf8f7e98c1~0~~yes~yes~beb2008f166d47a0a21f50b2ea541715~1659662409~8afbe4c003234b44826986fa41eadc26#@$T~N~-410.8984375~-616.796875~0~#000080~Arial~~~~~comment~820K~1~start~gge10231~0~#@$T~P~-410.96875~-626.796875~0~#000080~Arial~~~~~comment~R7~1~start~gge10237~0~#@$P~show~0~1~-420~-645~90~gge10243~0^^-420~-645^^M -420 -635 v -10~#800^^0~-420~-631~270~1~end~~~#800^^0~-424~-639~270~1~start~~~#800^^0~-420~-658^^0~M -423 -655 L -420 -652 L -417 -655#@$P~show~0~2~-420~-605~270~gge10264~0^^-420~-605^^M -420 -615 v 10~#800^^0~-420~-619~270~2~start~~~#800^^0~-424~-611~270~2~end~~~#800^^0~-420~-592^^0~M -417 -595 L -420 -598 L -423 -595#@$R~-424~-635~~~8~20~#A00000~1~0~none~gge10285~0~",
          "W~-300 -645 -430 -645~#008800~1~0~none~gge10299~0",
          "LIB~-390~-565~package`LISA_RESISTOR`BOM_Manufacturer``BOM_Manufacturer Part``BOM_Supplier Part``BOM_Supplier``link``Contributor`William Tooker`spicePre`R`spiceSymbolName`LISA_CPU_RESISTOR`~180~0~gge522d15310eb71512~9233fc65b4ba4b6384742c26f4c09da7~0bd77dda4b6d41d286a55cbf8f7e98c1~0~~yes~yes~beb2008f166d47a0a21f50b2ea541715~1659662409~8afbe4c003234b44826986fa41eadc26#@$T~N~-396.484375~-551.796875~0~#000080~Arial~~~~~comment~1M~1~start~gge10312~0~#@$T~P~-395.96875~-571.8~0~#000080~Arial~~~~~comment~R2~1~start~gge10318~0~#@$P~show~0~1~-370~-565~0~gge10324~0^^-370~-565^^M -380 -565 h 10~#800^^0~-384~-565~0~1~end~~~#800^^0~-376~-569~0~1~start~~~#800^^0~-357~-565^^0~M -360 -568 L -363 -565 L -360 -562#@$P~show~0~2~-410~-565~180~gge10345~0^^-410~-565^^M -400 -565 h -10~#800^^0~-396~-565~0~2~start~~~#800^^0~-404~-569~0~2~end~~~#800^^0~-423~-565^^0~M -420 -562 L -417 -565 L -420 -568#@$R~-400~-569~~~20~8~#A00000~1~0~none~gge10366~0~",
          "W~-470 -565 -420 -565 -420 -605~#008800~1~0~none~gge10378~0",
          "W~-370 -565 -360 -565 -360 -525 -470 -525~#008800~1~0~none~gge10382~0",
          "W~-300 -525 -360 -525~#008800~1~0~none~gge10385~0",
          "W~-410 -565 -420 -565~#008800~1~0~none~gge10390~0",
          "F~part_netLabel_netPort~-300~-525~0~gge10397~~0^^-300~-525^^BRTRET~#0000FF~-278~-521.394~0~start~1~Times New Roman~8pt~flag_gge217^^PL~-300 -525 -295 -520 -280 -520 -280 -530 -295 -530 -300 -525~#0000FF~1~0~transparent~gge10409~0",
          "W~-70 -345 -80 -345~#008800~1~0~none~gge10419~0",
          "W~-70 -365 -80 -365~#008800~1~0~none~gge10423~0",
          "W~-70 -385 -80 -385~#008800~1~0~none~gge10427~0",
          "W~-70 -405 -80 -405~#008800~1~0~none~gge10431~0",
          "W~50 -425 70 -425~#008800~1~0~none~gge10439~0",
          "W~50 -325 60 -325 60 -425~#008800~1~0~none~gge10442~0",
          "W~50 -345 60 -345~#008800~1~0~none~gge10446~0",
          "W~50 -365 60 -365~#008800~1~0~none~gge10450~0",
          "W~50 -385 60 -385~#008800~1~0~none~gge10454~0",
          "W~50 -405 60 -405~#008800~1~0~none~gge10458~0",
          "O~-70~-605~gge10462~M -74 -609 L -66 -601 M -66 -609 L -74 -601~#33cc33~0",
          "O~50~-565~gge10468~M 46 -569 L 54 -561 M 54 -569 L 46 -561~#33cc33~0",
          "O~50~-545~gge10474~M 46 -549 L 54 -541 M 54 -549 L 46 -541~#33cc33~0",
          "F~part_netLabel_netPort~-90~-585~0~gge10486~~0^^-90~-585^^+12V~#0000FF~-112~-581.592~0~end~1~Times New Roman~8pt~flag_gge220^^PL~-90 -585 -95 -580 -110 -580 -110 -590 -95 -590 -90 -585~#0000FF~1~0~transparent~gge10498~0",
          "W~-90 -585 -70 -585~#008800~1~0~none~gge10516~0",
          "F~part_netLabel_netPort~70~-585~0~gge10522~~0^^70~-585^^+12V~#0000FF~92~-581.592~0~start~1~Times New Roman~8pt~flag_gge223^^PL~70 -585 75 -580 90 -580 90 -590 75 -590 70 -585~#0000FF~1~0~transparent~gge10534~0",
          "W~70 -585 50 -585~#008800~1~0~none~gge10537~0",
          "F~part_netLabel_netPort~-90~-305~0~gge10540~~0^^-90~-305^^-5V~#0000FF~-112~-301.394~0~end~1~Times New Roman~8pt~flag_gge226^^PL~-90 -305 -95 -300 -110 -300 -110 -310 -95 -310 -90 -305~#0000FF~1~0~transparent~gge10552~0",
          "F~part_netLabel_netPort~-90~-285~0~gge10555~~0^^-90~-285^^+5VSB~#0000FF~-112~-281.394~0~end~1~Times New Roman~8pt~flag_gge229^^PL~-90 -285 -95 -280 -110 -280 -110 -290 -95 -290 -90 -285~#0000FF~1~0~transparent~gge10567~0",
          "W~-90 -305 -70 -305~#008800~1~0~none~gge10585~0",
          "W~-90 -285 -70 -285~#008800~1~0~none~gge10588~0",
          "F~part_netLabel_netPort~-90~-245~0~gge10594~~0^^-90~-245^^GND~#0000FF~-112~-241.7~0~end~1~Times New Roman~8pt~flag_gge232^^PL~-90 -245 -95 -240 -110 -240 -110 -250 -95 -250 -90 -245~#0000FF~1~0~transparent~gge10606~0",
          "W~-90 -245 -70 -245~#008800~1~0~none~gge10609~0",
          "F~part_netLabel_netPort~70~-305~0~gge10612~~0^^70~-305^^-12V~#0000FF~115.9609375~-301.4018125~0~end~1~Times New Roman~8pt~flag_gge235^^PL~70 -305 75 -300 90 -300 90 -310 75 -310 70 -305~#0000FF~1~0~transparent~gge10624~0",
          "F~part_netLabel_netPort~70~-285~0~gge10627~~0^^70~-285^^ON/OFF~#0000FF~128.96875~-281.4018125~0~end~1~Times New Roman~8pt~flag_gge238^^PL~70 -285 75 -280 90 -280 90 -290 75 -290 70 -285~#0000FF~1~0~transparent~gge10639~0",
          "W~70 -285 50 -285~#008800~1~0~none~gge10657~0",
          "W~70 -305 50 -305~#008800~1~0~none~gge10660~0",
          "F~part_netLabel_netPort~-90~-505~0~gge10666~~0^^-90~-505^^+12V~#0000FF~-112~-501.592~0~end~1~Times New Roman~8pt~flag_gge241^^PL~-90 -505 -95 -500 -110 -500 -110 -510 -95 -510 -90 -505~#0000FF~1~0~transparent~gge10678~0",
          "F~part_netLabel_netPort~-90~-485~0~gge10684~~0^^-90~-485^^+12V~#0000FF~-112~-481.592~0~end~1~Times New Roman~8pt~flag_gge244^^PL~-90 -485 -95 -480 -110 -480 -110 -490 -95 -490 -90 -485~#0000FF~1~0~transparent~gge10696~0",
          "F~part_netLabel_netPort~70~-505~0~gge10702~~0^^70~-505^^+12V~#0000FF~92~-501.592~0~start~1~Times New Roman~8pt~flag_gge247^^PL~70 -505 75 -500 90 -500 90 -510 75 -510 70 -505~#0000FF~1~0~transparent~gge10714~0",
          "F~part_netLabel_netPort~70~-485~0~gge10720~~0^^70~-485^^+12V~#0000FF~92~-481.592~0~start~1~Times New Roman~8pt~flag_gge250^^PL~70 -485 75 -480 90 -480 90 -490 75 -490 70 -485~#0000FF~1~0~transparent~gge10732~0",
          "W~70 -485 50 -485~#008800~1~0~none~gge10735~0",
          "W~70 -505 50 -505~#008800~1~0~none~gge10738~0",
          "W~-90 -485 -70 -485~#008800~1~0~none~gge10741~0",
          "W~-90 -505 -70 -505~#008800~1~0~none~gge10744~0",
          "F~part_netLabel_netPort~-90~-465~0~gge10747~~0^^-90~-465^^+5V~#0000FF~-112~-461.394~0~end~1~Times New Roman~8pt~flag_gge253^^PL~-90 -465 -95 -460 -110 -460 -110 -470 -95 -470 -90 -465~#0000FF~1~0~transparent~gge10759~0",
          "W~-90 -465 -70 -465~#008800~1~0~none~gge10783~0",
          "F~part_netLabel_netPort~70~-465~0~gge10789~~0^^70~-465^^+5V~#0000FF~92~-461.394~0~start~1~Times New Roman~8pt~flag_gge256^^PL~70 -465 75 -460 90 -460 90 -470 75 -470 70 -465~#0000FF~1~0~transparent~gge10801~0",
          "W~70 -465 50 -465~#008800~1~0~none~gge10804~0",
          "F~part_netLabel_netPort~70~-525~0~gge10810~~0^^70~-525^^GND~#0000FF~92~-521.7~0~start~1~Times New Roman~8pt~flag_gge259^^PL~70 -525 75 -520 90 -520 90 -530 75 -530 70 -525~#0000FF~1~0~transparent~gge10822~0",
          "W~70 -525 50 -525~#008800~1~0~none~gge10825~0",
          "F~part_netLabel_netPort~70~-445~0~gge10828~~0^^70~-445^^SENSE~#0000FF~92~-441.394~0~start~1~Times New Roman~8pt~flag_gge262^^PL~70 -445 75 -440 90 -440 90 -450 75 -450 70 -445~#0000FF~1~0~transparent~gge10840~0",
          "W~70 -445 50 -445~#008800~1~0~none~gge10858~0",
          "F~part_netLabel_netPort~-395~-410~0~gge11091~~0^^-395~-410^^LIVE~#0000FF~-417~-406.394~0~end~1~Times New Roman~8pt~flag_gge265^^PL~-395 -410 -400 -405 -415 -405 -415 -415 -400 -415 -395 -410~#0000FF~1~0~transparent~gge11103~0",
          "F~part_netLabel_netPort~-395~-390~0~gge11106~~0^^-395~-390^^FG~#0000FF~-417~-386.394~0~end~1~Times New Roman~8pt~flag_gge268^^PL~-395 -390 -400 -385 -415 -385 -415 -395 -400 -395 -395 -390~#0000FF~1~0~transparent~gge11118~0",
          "F~part_netLabel_netPort~-395~-370~0~gge11121~~0^^-395~-370^^NEUTRAL~#0000FF~-417~-366.394~0~end~1~Times New Roman~8pt~flag_gge271^^PL~-395 -370 -400 -365 -415 -365 -415 -375 -400 -375 -395 -370~#0000FF~1~0~transparent~gge11133~0",
          "W~-395 -410 -385 -410~#008800~1~0~none~gge11151~0",
          "W~-395 -370 -385 -370~#008800~1~0~none~gge11154~0",
          "W~-395 -390 -385 -390~#008800~1~0~none~gge11157~0",
          "F~part_netLabel_netPort~-90~-425~0~gge13070~~0^^-90~-425^^GND~#0000FF~-112~-421.7~0~end~1~Times New Roman~8pt~flag_gge274^^PL~-90 -425 -95 -420 -110 -420 -110 -430 -95 -430 -90 -425~#0000FF~1~0~transparent~gge13082~0",
          "W~-70 -425 -90 -425~#008800~1~0~none~gge13087~0",
          "W~-70 -325 -80 -325 -80 -425~#008800~1~0~none~gge13090~0",
          "W~-70 -445 -80 -445 -80 -465~#008800~1~0~none~gge13098~0",
          "LIB~-10~-455~package`LISA_PSU_EDGE_CONNECTOR`BOM_Manufacturer``BOM_Manufacturer Part``BOM_Supplier Part``BOM_Supplier``link``Contributor`will_tooker`spicePre`C`spiceSymbolName`LISA_PSU_EDGE_CONNECTOR`~~0~gge2ff068c1c818641b~19245f40adbd46e7853b696b819ca654~960010e3437e47bc947898f52607ace2~0~~yes~yes~9f348f08aa0646e992ee74ae5a95801c~1666486949~a9293d28d69f43ebb61753854506c8c5#@$T~N~-54.5078125~-686.75~0~#000080~Arial~~~~~comment~EDGE CONNECTOR~1~start~gge5254~0~#@$T~P~-19.3359375~-696.75~0~#000080~Arial~~~~~comment~CN2~1~start~gge5260~0~#@$P~show~0~1~-70~-665~180~gge13102~0^^-70~-665^^M -70 -665 h 20~#880000^^1~-48~-662~0~+300V~start~~~#0000FF^^1~-55~-666~0~1~end~~~#0000FF^^0~-53~-665^^0~M -50 -662 L -47 -665 L -50 -668#@$P~show~0~2~-70~-645~180~gge13123~0^^-70~-645^^M -70 -645 h 20~#880000^^1~-48~-642~0~G2~start~~~#0000FF^^1~-55~-646~0~2~end~~~#0000FF^^0~-53~-645^^0~M -50 -642 L -47 -645 L -50 -648#@$P~show~0~3~-70~-625~180~gge13144~0^^-70~-625^^M -70 -625 h 20~#880000^^1~-48~-622~0~FOCUS~start~~~#0000FF^^1~-55~-626~0~3~end~~~#0000FF^^0~-53~-625^^0~M -50 -622 L -47 -625 L -50 -628#@$P~show~0~4~-70~-605~180~gge13165~0^^-70~-605^^M -70 -605 h 20~#880000^^1~-48~-602~0~4~start~~~#0000FF^^1~-55~-606~0~4~end~~~#0000FF^^0~-53~-605^^0~M -50 -602 L -47 -605 L -50 -608#@$P~show~0~5~-70~-585~180~gge13186~0^^-70~-585^^M -70 -585 h 20~#880000^^1~-48~-582~0~+12V~start~~~#0000FF^^1~-55~-586~0~5~end~~~#0000FF^^0~-53~-585^^0~M -50 -582 L -47 -585 L -50 -588#@$P~show~0~6~-70~-565~180~gge13207~0^^-70~-565^^M -70 -565 h 20~#880000^^1~-48~-562~0~6~start~~~#0000FF^^1~-55~-566~0~6~end~~~#0000FF^^0~-53~-565^^0~M -50 -562 L -47 -565 L -50 -568#@$P~show~0~7~-70~-545~180~gge13228~0^^-70~-545^^M -70 -545 h 20~#880000^^1~-48~-542~0~7~start~~~#0000FF^^1~-55~-546~0~7~end~~~#0000FF^^0~-53~-545^^0~M -50 -542 L -47 -545 L -50 -548#@$P~show~0~8~-70~-525~180~gge13249~0^^-70~-525^^M -70 -525 h 20~#880000^^1~-48~-522~0~8~start~~~#0000FF^^1~-55~-526~0~8~end~~~#0000FF^^0~-53~-525^^0~M -50 -522 L -47 -525 L -50 -528#@$P~show~0~9~-70~-505~180~gge13270~0^^-70~-505^^M -70 -505 h 20~#880000^^1~-48~-502~0~+12V~start~~~#0000FF^^1~-55~-506~0~9~end~~~#0000FF^^0~-53~-505^^0~M -50 -502 L -47 -505 L -50 -508#@$P~show~0~10~-70~-485~180~gge13291~0^^-70~-485^^M -70 -485 h 20~#880000^^1~-48~-482~0~+12V~start~~~#0000FF^^1~-55~-486~0~10~end~~~#0000FF^^0~-53~-485^^0~M -50 -482 L -47 -485 L -50 -488#@$P~show~0~11~-70~-465~180~gge13312~0^^-70~-465^^M -70 -465 h 20~#880000^^1~-48~-462~0~+5V~start~~~#0000FF^^1~-55~-466~0~11~end~~~#0000FF^^0~-53~-465^^0~M -50 -462 L -47 -465 L -50 -468#@$P~show~0~12~-70~-445~180~gge13333~0^^-70~-445^^M -70 -445 h 20~#880000^^1~-48~-442~0~+5V~start~~~#0000FF^^1~-55~-446~0~12~end~~~#0000FF^^0~-53~-445^^0~M -50 -442 L -47 -445 L -50 -448#@$P~show~0~13~-70~-425~180~gge13354~0^^-70~-425^^M -70 -425 h 20~#880000^^1~-48~-422~0~GND~start~~~#0000FF^^1~-55~-426~0~13~end~~~#0000FF^^0~-53~-425^^0~M -50 -422 L -47 -425 L -50 -428#@$P~show~0~14~-70~-405~180~gge13375~0^^-70~-405^^M -70 -405 h 20~#880000^^1~-48~-402~0~GND~start~~~#0000FF^^1~-55~-406~0~14~end~~~#0000FF^^0~-53~-405^^0~M -50 -402 L -47 -405 L -50 -408#@$P~show~0~15~-70~-385~180~gge13396~0^^-70~-385^^M -70 -385 h 20~#880000^^1~-48~-382~0~GND~start~~~#0000FF^^1~-55~-386~0~15~end~~~#0000FF^^0~-53~-385^^0~M -50 -382 L -47 -385 L -50 -388#@$P~show~0~16~-70~-365~180~gge13417~0^^-70~-365^^M -70 -365 h 20~#880000^^1~-48~-362~0~GND~start~~~#0000FF^^1~-55~-366~0~16~end~~~#0000FF^^0~-53~-365^^0~M -50 -362 L -47 -365 L -50 -368#@$P~show~0~17~-70~-345~180~gge13438~0^^-70~-345^^M -70 -345 h 20~#880000^^1~-48~-342~0~GND~start~~~#0000FF^^1~-55~-346~0~17~end~~~#0000FF^^0~-53~-345^^0~M -50 -342 L -47 -345 L -50 -348#@$P~show~0~18~-70~-325~180~gge13459~0^^-70~-325^^M -70 -325 h 20~#880000^^1~-48~-322~0~GND~start~~~#0000FF^^1~-55~-326~0~18~end~~~#0000FF^^0~-53~-325^^0~M -50 -322 L -47 -325 L -50 -328#@$P~show~0~19~-70~-305~180~gge13480~0^^-70~-305^^M -70 -305 h 20~#880000^^1~-48~-302~0~-5V~start~~~#0000FF^^1~-55~-306~0~19~end~~~#0000FF^^0~-53~-305^^0~M -50 -302 L -47 -305 L -50 -308#@$P~show~0~20~-70~-285~180~gge13501~0^^-70~-285^^M -70 -285 h 20~#880000^^1~-48~-282~0~+5VSB~start~~~#0000FF^^1~-55~-286~0~20~end~~~#0000FF^^0~-53~-285^^0~M -50 -282 L -47 -285 L -50 -288#@$P~show~0~21~-70~-265~180~gge13522~0^^-70~-265^^M -70 -265 h 20~#880000^^1~-48~-262~0~NC~start~~~#0000FF^^1~-55~-266~0~21~end~~~#0000FF^^0~-53~-265^^0~M -50 -262 L -47 -265 L -50 -268#@$P~show~0~22~-70~-245~180~gge13543~0^^-70~-245^^M -70 -245 h 20~#880000^^1~-48~-242~0~GND~start~~~#0000FF^^1~-55~-246~0~22~end~~~#0000FF^^0~-53~-245^^0~M -50 -242 L -47 -245 L -50 -248#@$P~show~0~23~50~-665~~gge13564~0^^50~-665^^M 50 -665 h -20~#880000^^1~28~-662~0~BRTRET~end~~~#0000FF^^1~35~-666~0~A~start~~~#0000FF^^0~33~-665^^0~M 30 -668 L 27 -665 L 30 -662#@$P~show~0~24~50~-645~~gge13585~0^^50~-645^^M 50 -645 h -20~#880000^^1~28~-642~0~-100V~end~~~#0000FF^^1~35~-646~0~B~start~~~#0000FF^^0~33~-645^^0~M 30 -648 L 27 -645 L 30 -642#@$P~show~0~25~50~-625~~gge13606~0^^50~-625^^M 50 -625 h -20~#880000^^1~28~-622~0~NC~end~~~#0000FF^^1~35~-626~0~C~start~~~#0000FF^^0~33~-625^^0~M 30 -628 L 27 -625 L 30 -622#@$P~show~0~26~50~-605~~gge13627~0^^50~-605^^M 50 -605 h -20~#880000^^1~28~-602~0~+33V~end~~~#0000FF^^1~35~-606~0~D~start~~~#0000FF^^0~33~-605^^0~M 30 -608 L 27 -605 L 30 -602#@$P~show~0~27~50~-585~~gge13648~0^^50~-585^^M 50 -585 h -20~#880000^^1~28~-582~0~+12V~end~~~#0000FF^^1~35~-586~0~E~start~~~#0000FF^^0~33~-585^^0~M 30 -588 L 27 -585 L 30 -582#@$P~show~0~28~50~-565~~gge13669~0^^50~-565^^M 50 -565 h -20~#880000^^1~28~-562~0~NC~end~~~#0000FF^^1~35~-566~0~F~start~~~#0000FF^^0~33~-565^^0~M 30 -568 L 27 -565 L 30 -562#@$P~show~0~29~50~-545~~gge13690~0^^50~-545^^M 50 -545 h -20~#880000^^1~28~-542~0~NC~end~~~#0000FF^^1~35~-546~0~H~start~~~#0000FF^^0~33~-545^^0~M 30 -548 L 27 -545 L 30 -542#@$P~show~0~30~50~-525~~gge13711~0^^50~-525^^M 50 -525 h -20~#880000^^1~28~-522~0~GND~end~~~#0000FF^^1~35~-526~0~J~start~~~#0000FF^^0~33~-525^^0~M 30 -528 L 27 -525 L 30 -522#@$P~show~0~31~50~-505~~gge13732~0^^50~-505^^M 50 -505 h -20~#880000^^1~28~-502~0~+12V~end~~~#0000FF^^1~35~-506~0~K~start~~~#0000FF^^0~33~-505^^0~M 30 -508 L 27 -505 L 30 -502#@$P~show~0~32~50~-485~~gge13753~0^^50~-485^^M 50 -485 h -20~#880000^^1~28~-482~0~+12V~end~~~#0000FF^^1~35~-486~0~L~start~~~#0000FF^^0~33~-485^^0~M 30 -488 L 27 -485 L 30 -482#@$P~show~0~33~50~-465~~gge13774~0^^50~-465^^M 50 -465 h -20~#880000^^1~28~-462~0~+5V~end~~~#0000FF^^1~35~-466~0~M~start~~~#0000FF^^0~33~-465^^0~M 30 -468 L 27 -465 L 30 -462#@$P~show~0~34~50~-445~~gge13795~0^^50~-445^^M 50 -445 h -20~#880000^^1~28~-442~0~SENSE~end~~~#0000FF^^1~35~-446~0~N~start~~~#0000FF^^0~33~-445^^0~M 30 -448 L 27 -445 L 30 -442#@$P~show~0~35~50~-425~~gge13816~0^^50~-425^^M 50 -425 h -20~#880000^^1~28~-422~0~GND~end~~~#0000FF^^1~35~-426~0~P~start~~~#0000FF^^0~33~-425^^0~M 30 -428 L 27 -425 L 30 -422#@$P~show~0~36~50~-405~~gge13837~0^^50~-405^^M 50 -405 h -20~#880000^^1~28~-402~0~GND~end~~~#0000FF^^1~35~-406~0~R~start~~~#0000FF^^0~33~-405^^0~M 30 -408 L 27 -405 L 30 -402#@$P~show~0~37~50~-385~~gge13858~0^^50~-385^^M 50 -385 h -20~#880000^^1~28~-382~0~GND~end~~~#0000FF^^1~35~-386~0~S~start~~~#0000FF^^0~33~-385^^0~M 30 -388 L 27 -385 L 30 -382#@$P~show~0~38~50~-365~~gge13879~0^^50~-365^^M 50 -365 h -20~#880000^^1~28~-362~0~GND~end~~~#0000FF^^1~35~-366~0~T~start~~~#0000FF^^0~33~-365^^0~M 30 -368 L 27 -365 L 30 -362#@$P~show~0~39~50~-345~~gge13900~0^^50~-345^^M 50 -345 h -20~#880000^^1~28~-342~0~GND~end~~~#0000FF^^1~35~-346~0~U~start~~~#0000FF^^0~33~-345^^0~M 30 -348 L 27 -345 L 30 -342#@$P~show~0~40~50~-325~~gge13921~0^^50~-325^^M 50 -325 h -20~#880000^^1~28~-322~0~GND~end~~~#0000FF^^1~35~-326~0~V~start~~~#0000FF^^0~33~-325^^0~M 30 -328 L 27 -325 L 30 -322#@$P~show~0~41~50~-305~~gge13942~0^^50~-305^^M 50 -305 h -20~#880000^^1~28~-302~0~-12V~end~~~#0000FF^^1~35~-306~0~W~start~~~#0000FF^^0~33~-305^^0~M 30 -308 L 27 -305 L 30 -302#@$P~show~0~42~50~-285~~gge13963~0^^50~-285^^M 50 -285 h -20~#880000^^1~28~-282~0~ON/OFF~end~~~#0000FF^^1~35~-286~0~X~start~~~#0000FF^^0~33~-285^^0~M 30 -288 L 27 -285 L 30 -282#@$P~show~0~43~50~-265~~gge13984~0^^50~-265^^M 50 -265 h -20~#880000^^1~28~-262~0~NC~end~~~#0000FF^^1~35~-266~0~Y~start~~~#0000FF^^0~33~-265^^0~M 30 -268 L 27 -265 L 30 -262#@$P~show~0~44~50~-245~~gge14005~0^^50~-245^^M 50 -245 h -20~#880000^^1~28~-242~0~NC~end~~~#0000FF^^1~35~-246~0~Z~start~~~#0000FF^^0~33~-245^^0~M 30 -248 L 27 -245 L 30 -242#@$R~-50~-685~~~80~460~#000000~1~0~none~gge14026~0~",
          "F~part_netLabel_netPort~70~-605~0~gge14033~~0^^70~-605^^+33V~#0000FF~117.1953125~-601.3393125~0~end~1~Times New Roman~8pt~flag_gge277^^PL~70 -605 75 -600 90 -600 90 -610 75 -610 70 -605~#0000FF~1~0~transparent~gge14045~0",
          "W~70 -605 50 -605~#008800~1~0~none~gge14048~0",
          "LIB~-375~-240~package`TO-92-3_L4.9-W3.7-P1.27-L`BOM_Supplier`LCSC`BOM_Manufacturer`ST(先科)`BOM_Manufacturer Part`2N4401`Contributor`立创EDA官方封装库`BOM_Supplier Part`C118540`BOM_JLCPCB Part Class`Extended Part`spicePre`Q`spiceSymbolName`2N4401-C118540`~~0~ggeb85acd15904875a6~6924b36489de4921bb29ca14bf27c33f~1fef4dd6d5ff44daa34fe383dfe67a8c~0~~yes~yes~95a20ebb48414b079d57c364a3d1dccc~1666975237~c4a998d910814327a5c882a6a07de9f6#@$T~N~-361~-227.984375~0~#000080~Arial~~~~~comment~2N4401~1~start~gge14232~0~#@$T~P~-361~-236.6640625~0~#000080~Arial~~~~~comment~Q1~1~start~gge14238~0~#@$P~show~0~3~-365~-260~90~gge14244~0^^-365~-260^^M -365 -260 v 10~#880000^^0~-362~-248~270~C~end~~~#0000FF^^0~-366~-250~270~3~start~~~#0000FF^^0~-365~-253^^0~M -368 -250 L -365 -247 L -362 -250#@$P~show~0~2~-385~-240~180~gge14265~0^^-385~-240^^M -385 -240 h 10~#880000^^0~-373~-237~0~B~start~~~#0000FF^^0~-375~-241~0~2~end~~~#0000FF^^0~-378~-240^^0~M -375 -237 L -372 -240 L -375 -243#@$P~show~0~1~-365~-220~270~gge14286~0^^-365~-220^^M -365 -220 v -10~#880000^^0~-362~-232~270~E~start~~~#0000FF^^0~-366~-230~270~1~end~~~#0000FF^^0~-365~-227^^0~M -362 -230 L -365 -233 L -368 -230#@$PL~-365 -250 -375 -243~#880000~1~0~none~gge14307~0#@$PL~-375 -237 -365 -230~#880000~1~0~none~gge14310~0#@$PL~-375 -249 -375 -231~#880000~1~0~none~gge14313~0#@$PG~-365 -230 -368 -235 -371 -231~#880000~1~0~none~gge14316~0",
          "F~part_netLabel_netPort~-365~-210~90~gge14436~~0^^-365~-210^^GND~#0000FF~-368.89~-188~90~~1~Times New Roman~8pt~flag_gge280^^PL~-365 -210 -360 -205 -360 -190 -370 -190 -370 -205 -365 -210~#0000FF~1~0~transparent~gge14448~0",
          "W~-365 -210 -365 -220~#008800~1~0~none~gge14451~0",
          "F~part_netLabel_netPort~-365~-270~270~gge14493~~0^^-365~-270^^PS_ON~#0000FF~-368.3~-328.16~90~~1~Times New Roman~8pt~flag_gge283^^PL~-365 -270 -370 -275 -370 -290 -360 -290 -360 -275 -365 -270~#0000FF~1~0~transparent~gge14505~0",
          "W~-365 -270 -365 -260~#008800~1~0~none~gge14526~0",
          "LIB~-415~-240~package`LISA_RESISTOR`BOM_Manufacturer``BOM_Manufacturer Part``BOM_Supplier Part``BOM_Supplier``link``Contributor`William Tooker`spicePre`R`spiceSymbolName`LISA_CPU_RESISTOR`~~0~ggeb7a2bae74c6aaf93~9233fc65b4ba4b6384742c26f4c09da7~0bd77dda4b6d41d286a55cbf8f7e98c1~0~~yes~yes~beb2008f166d47a0a21f50b2ea541715~1659662409~8afbe4c003234b44826986fa41eadc26#@$T~N~-423.3046875~-246.75~0~#000080~Arial~~~~~comment~40K~1~start~gge14586~0~#@$T~P~-420.96875~-256.75~0~#000080~Arial~~~~~comment~R8~1~start~gge14592~0~#@$P~show~0~1~-435~-240~180~gge14598~0^^-435~-240^^M -425 -240 h -10~#800^^0~-421~-240~0~1~start~~~#800^^0~-429~-244~0~1~end~~~#800^^0~-448~-240^^0~M -445 -237 L -442 -240 L -445 -243#@$P~show~0~2~-395~-240~0~gge14619~0^^-395~-240^^M -405 -240 h 10~#800^^0~-409~-240~0~2~end~~~#800^^0~-401~-244~0~2~start~~~#800^^0~-382~-240^^0~M -385 -243 L -388 -240 L -385 -237#@$R~-425~-244~~~20~8~#A00000~1~0~none~gge14640~0~",
          "F~part_netLabel_netPort~-445~-240~0~gge14709~~0^^-445~-240^^ON/OFF~#0000FF~-503.96875~-236.4018125~0~start~1~Times New Roman~8pt~flag_gge286^^PL~-445 -240 -450 -235 -465 -235 -465 -245 -450 -245 -445 -240~#0000FF~1~0~transparent~gge14721~0",
          "W~-445 -240 -435 -240~#008800~1~0~none~gge14727~0",
          "W~-395 -240 -385 -240~#008800~1~0~none~gge14730~0",
          "F~part_netLabel_netPort~-285~-790~0~gge15511~~0^^-285~-790^^GND~#0000FF~-307~-786.7~0~end~1~Times New Roman~8pt~flag_gge289^^PL~-285 -790 -290 -785 -305 -785 -305 -795 -290 -795 -285 -790~#0000FF~1~0~transparent~gge15523~0",
          "F~part_netLabel_netPort~-185~-790~0~gge15550~~0^^-185~-790^^GND~#0000FF~-163~-786.7~0~start~1~Times New Roman~8pt~flag_gge292^^PL~-185 -790 -180 -785 -165 -785 -165 -795 -180 -795 -185 -790~#0000FF~1~0~transparent~gge15562~0",
          "F~part_netLabel_netPort~-285~-770~0~gge15571~~0^^-285~-770^^+12V~#0000FF~-307~-766.592~0~end~1~Times New Roman~8pt~flag_gge295^^PL~-285 -770 -290 -765 -305 -765 -305 -775 -290 -775 -285 -770~#0000FF~1~0~transparent~gge15583~0",
          "F~part_netLabel_netPort~-185~-770~0~gge15589~~0^^-185~-770^^+33V~#0000FF~-137.8046875~-766.3393125~0~end~1~Times New Roman~8pt~flag_gge298^^PL~-185 -770 -180 -765 -165 -765 -165 -775 -180 -775 -185 -770~#0000FF~1~0~transparent~gge15601~0",
          "LIB~-190~-945~package`TO-220`BOM_Manufacturer``BOM_Manufacturer Part``BOM_Supplier Part``BOM_Supplier``link``Contributor`will_tooker`spicePre`Q`spiceSymbolName`7905`~~0~ggeecd4b9887e255170~00330ee4b7c04a79b7fba8d1dd8f669e~9c8a2aa7f9ec469cbebe0d3368b1f428~0~~yes~yes~a72ebc5872a7465b8e1f75a353077dff~1677216257~c5060a3a31e74999ad7d63821397b9c0#@$T~N~-190.3828125~-976.828125~0~#000080~Arial~~~~~comment~7905~1~start~gge15832~0~#@$T~P~-186.2265625~-986.828125~0~#000080~Arial~~~~~comment~Q2~1~start~gge15838~0~#@$P~show~0~1~-220~-965~180~gge15844~0^^-220~-965^^M -220 -965 h 20~#880000^^1~-198~-962~0~GND~start~~~#0000FF^^1~-205~-966~0~1~end~~~#0000FF^^0~-203~-965^^0~M -200 -962 L -197 -965 L -200 -968#@$P~show~0~2~-220~-945~180~gge15865~0^^-220~-945^^M -220 -945 h 20~#880000^^1~-198~-942~0~VIN~start~~~#0000FF^^1~-205~-946~0~2~end~~~#0000FF^^0~-203~-945^^0~M -200 -942 L -197 -945 L -200 -948#@$P~show~0~3~-220~-925~180~gge15886~0^^-220~-925^^M -220 -925 h 20~#880000^^1~-198~-922~0~VOUT~start~~~#0000FF^^1~-205~-926~0~3~end~~~#0000FF^^0~-203~-925^^0~M -200 -922 L -197 -925 L -200 -928#@$R~-200~-975~~~40~60~#000000~1~0~none~gge15907~0~",
          "F~part_netLabel_netPort~-55~-870~0~gge17230~~0^^-55~-870^^GND~#0000FF~-77~-866.394~0~end~1~Times New Roman~8pt~flag_gge301^^PL~-55 -870 -60 -865 -75 -865 -75 -875 -60 -875 -55 -870~#0000FF~1~0~transparent~gge17242~0",
          "F~part_netLabel_netPort~-55~-890~0~gge17248~~0^^-55~-890^^GND~#0000FF~-77~-886.394~0~end~1~Times New Roman~8pt~flag_gge304^^PL~-55 -890 -60 -885 -75 -885 -75 -895 -60 -895 -55 -890~#0000FF~1~0~transparent~gge17260~0",
          "F~part_netLabel_netPort~-55~-910~0~gge17266~~0^^-55~-910^^GND~#0000FF~-77~-906.394~0~end~1~Times New Roman~8pt~flag_gge307^^PL~-55 -910 -60 -905 -75 -905 -75 -915 -60 -915 -55 -910~#0000FF~1~0~transparent~gge17278~0",
          "F~part_netLabel_netPort~85~-870~0~gge17305~~0^^85~-870^^GND~#0000FF~107~-866.7~0~start~1~Times New Roman~8pt~flag_gge310^^PL~85 -870 90 -865 105 -865 105 -875 90 -875 85 -870~#0000FF~1~0~transparent~gge17317~0",
          "F~part_netLabel_netPort~85~-880~0~gge17323~~0^^85~-880^^GND~#0000FF~107~-876.7~0~start~1~Times New Roman~8pt~flag_gge313^^PL~85 -880 90 -875 105 -875 105 -885 90 -885 85 -880~#0000FF~1~0~transparent~gge17335~0",
          "F~part_netLabel_netPort~85~-890~0~gge17341~~0^^85~-890^^GND~#0000FF~107~-886.7~0~start~1~Times New Roman~8pt~flag_gge316^^PL~85 -890 90 -885 105 -885 105 -895 90 -895 85 -890~#0000FF~1~0~transparent~gge17353~0",
          "F~part_netLabel_netPort~85~-910~0~gge17359~~0^^85~-910^^GND~#0000FF~107~-906.7~0~start~1~Times New Roman~8pt~flag_gge319^^PL~85 -910 90 -905 105 -905 105 -915 90 -915 85 -910~#0000FF~1~0~transparent~gge17371~0",
          "O~-45~-930~gge17413~M -49 -934 L -41 -926 M -41 -934 L -49 -926~#33cc33~0",
          "O~-45~-920~gge17419~M -49 -924 L -41 -916 M -41 -924 L -49 -916~#33cc33~0",
          "O~75~-930~gge17425~M 71 -934 L 79 -926 M 79 -934 L 71 -926~#33cc33~0",
          "O~-45~-820~gge17431~M -49 -824 L -41 -816 M -41 -824 L -49 -816~#33cc33~0",
          "O~-45~-830~gge17437~M -49 -834 L -41 -826 M -41 -834 L -49 -826~#33cc33~0",
          "O~75~-830~gge17443~M 71 -834 L 79 -826 M 79 -834 L 71 -826~#33cc33~0",
          "O~-45~-860~gge17449~M -49 -864 L -41 -856 M -41 -864 L -49 -856~#33cc33~0",
          "F~part_netLabel_netPort~-55~-900~0~gge17464~~0^^-55~-900^^+5V~#0000FF~-77~-896.394~0~end~1~Times New Roman~8pt~flag_gge322^^PL~-55 -900 -60 -895 -75 -895 -75 -905 -60 -905 -55 -900~#0000FF~1~0~transparent~gge17476~0",
          "W~-55 -910 -45 -910~#008800~1~0~none~gge17479~0",
          "W~-55 -890 -45 -890~#008800~1~0~none~gge17482~0",
          "W~-55 -870 -45 -870~#008800~1~0~none~gge17485~0",
          "W~85 -910 75 -910~#008800~1~0~none~gge17488~0",
          "W~85 -890 75 -890~#008800~1~0~none~gge17491~0",
          "W~85 -870 75 -870~#008800~1~0~none~gge17494~0",
          "W~-55 -900 -45 -900~#008800~1~0~none~gge17497~0",
          "W~85 -880 75 -880~#008800~1~0~none~gge17500~0",
          "F~part_netLabel_netPort~-55~-880~0~gge17506~~0^^-55~-880^^+5V~#0000FF~-77~-876.394~0~end~1~Times New Roman~8pt~flag_gge325^^PL~-55 -880 -60 -875 -75 -875 -75 -885 -60 -885 -55 -880~#0000FF~1~0~transparent~gge17518~0",
          "W~-55 -880 -45 -880~#008800~1~0~none~gge17521~0",
          "F~part_netLabel_netPort~-55~-840~0~gge17527~~0^^-55~-840^^+12V~#0000FF~-77~-836.592~0~end~1~Times New Roman~8pt~flag_gge328^^PL~-55 -840 -60 -835 -75 -835 -75 -845 -60 -845 -55 -840~#0000FF~1~0~transparent~gge17539~0",
          "W~-55 -840 -45 -840~#008800~1~0~none~gge17542~0",
          "F~part_netLabel_netPort~85~-850~0~gge17548~~0^^85~-850^^+5V~#0000FF~107~-846.394~0~start~1~Times New Roman~8pt~flag_gge331^^PL~85 -850 90 -845 105 -845 105 -855 90 -855 85 -850~#0000FF~1~0~transparent~gge17560~0",
          "O~75~-860~gge17563~M 71 -864 L 79 -856 M 79 -864 L 71 -856~#33cc33~0",
          "W~85 -850 75 -850~#008800~1~0~none~gge17575~0",
          "F~part_netLabel_netPort~85~-840~0~gge17581~~0^^85~-840^^+5V~#0000FF~107~-836.394~0~start~1~Times New Roman~8pt~flag_gge334^^PL~85 -840 90 -835 105 -835 105 -845 90 -845 85 -840~#0000FF~1~0~transparent~gge17593~0",
          "W~85 -840 75 -840~#008800~1~0~none~gge17596~0",
          "F~part_netLabel_netPort~85~-900~180~gge17602~~0^^85~-900^^PS_ON~#0000FF~108.6984375~-896.3265625~0~start~1~Times New Roman~8pt~flag_gge337^^PL~85 -900 90 -905 105 -905 105 -895 90 -895 85 -900~#0000FF~1~0~transparent~gge17614~0",
          "W~85 -900 75 -900~#008800~1~0~none~gge17617~0",
          "F~part_netLabel_netPort~-55~-850~0~gge17626~~0^^-55~-850^^+5VSB~#0000FF~-77~-846.394~0~end~1~Times New Roman~8pt~flag_gge340^^PL~-55 -850 -60 -845 -75 -845 -75 -855 -60 -855 -55 -850~#0000FF~1~0~transparent~gge17638~0",
          "W~-55 -850 -45 -850~#008800~1~0~none~gge17641~0",
          "F~part_netLabel_netPort~85~-920~0~gge18838~~0^^85~-920^^-12V~#0000FF~130.9609375~-916.4018125~0~end~1~Times New Roman~8pt~flag_gge343^^PL~85 -920 90 -915 105 -915 105 -925 90 -925 85 -920~#0000FF~1~0~transparent~gge18850~0",
          "W~85 -920 75 -920~#008800~1~0~none~gge18853~0",
          "W~-220 -965 -230 -965~#008800~1~0~none~gge18861~0",
          "LIB~-295~-905~package`LISA_DISC_CERAMIC_CAPACITOR`BOM_Manufacturer``BOM_Manufacturer Part``BOM_Supplier Part``BOM_Supplier``link``Contributor`William Tooker`spicePre`C`spiceSymbolName`LISA_CPU_CERAMIC_CAP`~270~0~gge15aab7d628e4047b~e083c17aa1ac48e3b869401f47b047f3~963445c673bd4f7fbf188c93a6c42285~0~~yes~yes~d2a499b94d824dbab0f6ac292fe06930~1663826503~d1bda8e479d043a1b625729e4fefab11#@$T~N~-331.9375~-896.7109375~0~#000080~Arial~~~~~comment~0.1uF~1~start~gge18927~0~#@$T~P~-320.96875~-906.7109375~0~#000080~Arial~~~~~comment~C1~1~start~gge18933~0~#@$PL~-295 -907 -295 -915~#A00000~1~0~none~gge18939~0#@$P~show~0~2~-295~-885~270~gge18942~0^^-295~-885^^M -295 -895 v 10~#800^^0~-295~-899~270~2~start~~~#800^^0~-299~-891~270~2~end~~~#800^^0~-295~-872^^0~M -292 -875 L -295 -878 L -298 -875#@$PL~-287 -903 -303 -903~#A00000~1~0~none~gge18963~0#@$PL~-295 -895 -295 -903~#A00000~1~0~none~gge18966~0#@$P~show~0~1~-295~-925~90~gge18969~0^^-295~-925^^M -295 -915 v -10~#800^^0~-295~-911~270~1~end~~~#800^^0~-299~-919~270~1~start~~~#800^^0~-295~-938^^0~M -298 -935 L -295 -932 L -292 -935#@$PL~-303 -907 -287 -907~#A00000~1~0~none~gge18990~0",
          "LIB~-295~-965~package`LISA_DISC_CERAMIC_CAPACITOR`BOM_Manufacturer``BOM_Manufacturer Part``BOM_Supplier Part``BOM_Supplier``link``Contributor`William Tooker`spicePre`C`spiceSymbolName`LISA_CPU_CERAMIC_CAP`~270~0~gge5e4d598ecda96ae0~e083c17aa1ac48e3b869401f47b047f3~963445c673bd4f7fbf188c93a6c42285~0~~yes~yes~d2a499b94d824dbab0f6ac292fe06930~1663826503~d1bda8e479d043a1b625729e4fefab11#@$T~N~-331.9375~-956.7109375~0~#000080~Arial~~~~~comment~0.1uF~1~start~gge18999~0~#@$T~P~-320.96875~-966.71~0~#000080~Arial~~~~~comment~C2~1~start~gge19005~0~#@$PL~-295 -967 -295 -975~#A00000~1~0~none~gge19011~0#@$P~show~0~2~-295~-945~270~gge19014~0^^-295~-945^^M -295 -955 v 10~#800^^0~-295~-959~270~2~start~~~#800^^0~-299~-951~270~2~end~~~#800^^0~-295~-932^^0~M -292 -935 L -295 -938 L -298 -935#@$PL~-287 -963 -303 -963~#A00000~1~0~none~gge19035~0#@$PL~-295 -955 -295 -963~#A00000~1~0~none~gge19038~0#@$P~show~0~1~-295~-985~90~gge19041~0^^-295~-985^^M -295 -975 v -10~#800^^0~-295~-971~270~1~end~~~#800^^0~-299~-979~270~1~start~~~#800^^0~-295~-998^^0~M -298 -995 L -295 -992 L -292 -995#@$PL~-303 -967 -287 -967~#A00000~1~0~none~gge19062~0",
          "F~part_netLabel_netPort~-305~-925~0~gge19140~~0^^-305~-925^^-5V~#0000FF~-327~-921.394~0~end~1~Times New Roman~8pt~flag_gge346^^PL~-305 -925 -310 -920 -325 -920 -325 -930 -310 -930 -305 -925~#0000FF~1~0~transparent~gge19152~0",
          "F~part_netLabel_netPort~-305~-945~0~gge19155~~0^^-305~-945^^-12V~#0000FF~-327~-941.7~0~end~1~Times New Roman~8pt~flag_gge349^^PL~-305 -945 -310 -940 -325 -940 -325 -950 -310 -950 -305 -945~#0000FF~1~0~transparent~gge19167~0",
          "F~part_netLabel_netPort~-230~-965~0~gge19170~~0^^-230~-965^^GND~#0000FF~-252~-961.394~0~end~1~Times New Roman~8pt~flag_gge352^^PL~-230 -965 -235 -960 -250 -960 -250 -970 -235 -970 -230 -965~#0000FF~1~0~transparent~gge19182~0",
          "W~-305 -945 -220 -945~#008800~1~0~none~gge19220~0",
          "W~-220 -925 -305 -925~#008800~1~0~none~gge19224~0",
          "F~part_netLabel_netPort~-305~-995~0~gge19231~~0^^-305~-995^^GND~#0000FF~-327~-991.394~0~end~1~Times New Roman~8pt~flag_gge355^^PL~-305 -995 -310 -990 -325 -990 -325 -1000 -310 -1000 -305 -995~#0000FF~1~0~transparent~gge19243~0",
          "F~part_netLabel_netPort~-305~-875~0~gge19249~~0^^-305~-875^^GND~#0000FF~-327~-871.394~0~end~1~Times New Roman~8pt~flag_gge358^^PL~-305 -875 -310 -870 -325 -870 -325 -880 -310 -880 -305 -875~#0000FF~1~0~transparent~gge19261~0",
          "W~-305 -875 -295 -875 -295 -885~#008800~1~0~none~gge19264~0",
          "W~-305 -995 -295 -995 -295 -985~#008800~1~0~none~gge19267~0",
          "LIB~-235~-780~package`XL6009_BOOSTER`BOM_Manufacturer``BOM_Manufacturer Part``BOM_Supplier Part``BOM_Supplier``link``Contributor`William Tooker`spicePre`B`spiceSymbolName`XL6009_BOOSTER`~~0~gge1a9dcbecee8fef22~d8570e1b8bbb40ffaa96cfac43ee5f73~d8f67c030f6e491d991f9d87a91c6284~0~~yes~yes~344b8ca1e2614f57ae6efacad7c56901~1677212405~fb1e598a9f644c3b922836c7751faac4#@$T~N~-276.5~-806.828125~0~#000080~Arial~~~~~comment~XL6009_BOOSTER~1~start~gge15304~0~#@$T~P~-245.7109375~-816.828125~0~#000080~Arial~~~~~comment~B1~1~start~gge15310~0~#@$P~show~0~1~-285~-790~180~gge21695~0^^-285~-790^^M -285 -790 h 20~#880000^^1~-263~-787~0~GND~start~~~#0000FF^^1~-270~-791~0~1~end~~~#0000FF^^0~-268~-790^^0~M -265 -787 L -262 -790 L -265 -793#@$P~show~0~2~-285~-770~180~gge21716~0^^-285~-770^^M -285 -770 h 20~#880000^^1~-263~-767~0~VIN~start~~~#0000FF^^1~-270~-771~0~2~end~~~#0000FF^^0~-268~-770^^0~M -265 -767 L -262 -770 L -265 -773#@$P~show~0~3~-185~-790~~gge21737~0^^-185~-790^^M -185 -790 h -20~#880000^^1~-207~-787~0~GND~end~~~#0000FF^^1~-200~-791~0~3~start~~~#0000FF^^0~-202~-790^^0~M -205 -793 L -208 -790 L -205 -787#@$P~show~0~4~-185~-770~~gge21758~0^^-185~-770^^M -185 -770 h -20~#880000^^1~-207~-767~0~VOUT~end~~~#0000FF^^1~-200~-771~0~4~start~~~#0000FF^^0~-202~-770^^0~M -205 -773 L -208 -770 L -205 -767#@$R~-265~-800~~~60~40~#000000~1~0~none~gge21779~0~",
          "O~75~-820~gge25891~M 71 -824 L 79 -816 M 79 -824 L 71 -816~#33cc33~0",
          "LIB~15~-880~package`PICO_ATX_5V8A`BOM_Manufacturer``BOM_Manufacturer Part``BOM_Supplier Part``BOM_Supplier``link``Contributor`William Tooker`spicePre`P`spiceSymbolName`PICO_ATX_5V8A`~~0~gge7ab14fba086e993a~920da6a7b2e740eba9e6ed5084ba82c3~37f70bccc1cd4384921475020cf38728~0~~yes~yes~41ed78fb5dcb4174ad5ca1a173980759~1677303406~aafd92315abf4d3db213bbbb54bb11ae#@$T~N~-21.7578125~-946.828125~0~#000080~Arial~~~~~comment~PICO_ATX_5V8A~1~start~gge16180~0~#@$T~P~2.8046875~-956.828125~0~#000080~Arial~~~~~comment~PSU2~1~start~gge16186~0~#@$P~show~0~1~-45~-930~180~gge25897~0^^-45~-930^^M -45 -930 h 20~#880000^^1~-23~-927~0~3.3V~start~~~#0000FF^^1~-30~-931~0~1~end~~~#0000FF^^0~-28~-930^^0~M -25 -927 L -22 -930 L -25 -933#@$P~show~0~2~-45~-920~180~gge25918~0^^-45~-920^^M -45 -920 h 20~#880000^^1~-23~-917~0~3.3V~start~~~#0000FF^^1~-30~-921~0~2~end~~~#0000FF^^0~-28~-920^^0~M -25 -917 L -22 -920 L -25 -923#@$P~show~0~3~-45~-910~180~gge25939~0^^-45~-910^^M -45 -910 h 20~#880000^^1~-23~-907~0~GND~start~~~#0000FF^^1~-30~-911~0~3~end~~~#0000FF^^0~-28~-910^^0~M -25 -907 L -22 -910 L -25 -913#@$P~show~0~4~-45~-900~180~gge25960~0^^-45~-900^^M -45 -900 h 20~#880000^^1~-23~-897~0~+5V~start~~~#0000FF^^1~-30~-901~0~4~end~~~#0000FF^^0~-28~-900^^0~M -25 -897 L -22 -900 L -25 -903#@$P~show~0~5~-45~-890~180~gge25981~0^^-45~-890^^M -45 -890 h 20~#880000^^1~-23~-887~0~GND~start~~~#0000FF^^1~-30~-891~0~5~end~~~#0000FF^^0~-28~-890^^0~M -25 -887 L -22 -890 L -25 -893#@$P~show~0~6~-45~-880~180~gge26002~0^^-45~-880^^M -45 -880 h 20~#880000^^1~-23~-877~0~+5V~start~~~#0000FF^^1~-30~-881~0~6~end~~~#0000FF^^0~-28~-880^^0~M -25 -877 L -22 -880 L -25 -883#@$P~show~0~7~-45~-870~180~gge26023~0^^-45~-870^^M -45 -870 h 20~#880000^^1~-23~-867~0~GND~start~~~#0000FF^^1~-30~-871~0~7~end~~~#0000FF^^0~-28~-870^^0~M -25 -867 L -22 -870 L -25 -873#@$P~show~0~8~-45~-860~180~gge26044~0^^-45~-860^^M -45 -860 h 20~#880000^^1~-23~-857~0~PWR_OK~start~~~#0000FF^^1~-30~-861~0~8~end~~~#0000FF^^0~-28~-860^^0~M -25 -857 L -22 -860 L -25 -863#@$P~show~0~9~-45~-850~180~gge26065~0^^-45~-850^^M -45 -850 h 20~#880000^^1~-23~-847~0~+5VSB~start~~~#0000FF^^1~-30~-851~0~9~end~~~#0000FF^^0~-28~-850^^0~M -25 -847 L -22 -850 L -25 -853#@$P~show~0~10~-45~-840~180~gge26086~0^^-45~-840^^M -45 -840 h 20~#880000^^1~-23~-837~0~+12V~start~~~#0000FF^^1~-30~-841~0~10~end~~~#0000FF^^0~-28~-840^^0~M -25 -837 L -22 -840 L -25 -843#@$P~show~0~11~-45~-830~180~gge26107~0^^-45~-830^^M -45 -830 h 20~#880000^^1~-23~-827~0~+12V~start~~~#0000FF^^1~-30~-831~0~11~end~~~#0000FF^^0~-28~-830^^0~M -25 -827 L -22 -830 L -25 -833#@$P~show~0~12~-45~-820~180~gge26128~0^^-45~-820^^M -45 -820 h 20~#880000^^1~-23~-817~0~3.3V~start~~~#0000FF^^1~-30~-821~0~12~end~~~#0000FF^^0~-28~-820^^0~M -25 -817 L -22 -820 L -25 -823#@$P~show~0~13~75~-930~~gge26149~0^^75~-930^^M 75 -930 h -20~#880000^^1~53~-927~0~3.3V~end~~~#0000FF^^1~60~-931~0~13~start~~~#0000FF^^0~58~-930^^0~M 55 -933 L 52 -930 L 55 -927#@$P~show~0~14~75~-920~~gge26170~0^^75~-920^^M 75 -920 h -20~#880000^^1~53~-917~0~-12V~end~~~#0000FF^^1~60~-921~0~14~start~~~#0000FF^^0~58~-920^^0~M 55 -923 L 52 -920 L 55 -917#@$P~show~0~15~75~-910~~gge26191~0^^75~-910^^M 75 -910 h -20~#880000^^1~53~-907~0~GND~end~~~#0000FF^^1~60~-911~0~15~start~~~#0000FF^^0~58~-910^^0~M 55 -913 L 52 -910 L 55 -907#@$P~show~0~16~75~-900~~gge26212~0^^75~-900^^M 75 -900 h -20~#880000^^1~53~-897~0~PS_ON~end~~~#0000FF^^1~60~-901~0~16~start~~~#0000FF^^0~58~-900^^0~M 55 -903 L 52 -900 L 55 -897#@$P~show~0~17~75~-890~~gge26233~0^^75~-890^^M 75 -890 h -20~#880000^^1~53~-887~0~GND~end~~~#0000FF^^1~60~-891~0~17~start~~~#0000FF^^0~58~-890^^0~M 55 -893 L 52 -890 L 55 -887#@$P~show~0~18~75~-880~~gge26254~0^^75~-880^^M 75 -880 h -20~#880000^^1~53~-877~0~GND~end~~~#0000FF^^1~60~-881~0~18~start~~~#0000FF^^0~58~-880^^0~M 55 -883 L 52 -880 L 55 -877#@$P~show~0~19~75~-870~~gge26275~0^^75~-870^^M 75 -870 h -20~#880000^^1~53~-867~0~GND~end~~~#0000FF^^1~60~-871~0~19~start~~~#0000FF^^0~58~-870^^0~M 55 -873 L 52 -870 L 55 -867#@$P~show~0~20~75~-860~~gge26296~0^^75~-860^^M 75 -860 h -20~#880000^^1~53~-857~0~N/C~end~~~#0000FF^^1~60~-861~0~20~start~~~#0000FF^^0~58~-860^^0~M 55 -863 L 52 -860 L 55 -857#@$P~show~0~21~75~-850~~gge26317~0^^75~-850^^M 75 -850 h -20~#880000^^1~53~-847~0~+5V~end~~~#0000FF^^1~60~-851~0~21~start~~~#0000FF^^0~58~-850^^0~M 55 -853 L 52 -850 L 55 -847#@$P~show~0~22~75~-840~~gge26338~0^^75~-840^^M 75 -840 h -20~#880000^^1~53~-837~0~+5V~end~~~#0000FF^^1~60~-841~0~22~start~~~#0000FF^^0~58~-840^^0~M 55 -843 L 52 -840 L 55 -837#@$P~show~0~23~75~-830~~gge26359~0^^75~-830^^M 75 -830 h -20~#880000^^1~53~-827~0~+5V~end~~~#0000FF^^1~60~-831~0~23~start~~~#0000FF^^0~58~-830^^0~M 55 -833 L 52 -830 L 55 -827#@$P~show~0~24~75~-820~~gge26380~0^^75~-820^^M 75 -820 h -20~#880000^^1~53~-817~0~GND~end~~~#0000FF^^1~60~-821~0~24~start~~~#0000FF^^0~58~-820^^0~M 55 -823 L 52 -820 L 55 -817#@$R~-25~-940~~~80~130~#000000~1~0~none~gge26401~0~",
          "LIB~15~-1035~package`111SM1_LEAF_SWITCH`BOM_Manufacturer``BOM_Manufacturer Part``BOM_Supplier Part``BOM_Supplier``link``Contributor`William Tooker`spicePre`S`spiceSymbolName`111SM1_LEAF_SWITCH`~~0~ggec7feb2f78b9d9dd9~898251234bca4b749310659ff6026cde~e709bd7b602b4a7bb08e57ced9126f0a~0~~yes~yes~7b27af828c8f47fb8d24083245497fa5~1677733229~8db20b59699746f8ad794b55baac6aca#@$T~N~-32.4609375~-1061.75~0~#000080~Arial~~~~~comment~SAFETY_INTERLOCK~1~start~gge26405~0~#@$T~P~4.8828125~-1071.75~0~#000080~Arial~~~~~comment~SW1~1~start~gge26411~0~#@$P~show~0~1~-25~-1035~180~gge26417~0^^-25~-1035^^M -25 -1035 h 20~#880000^^1~-3~-1032~0~IN~start~~~#0000FF^^1~-10~-1036~0~1~end~~~#0000FF^^0~-8~-1035^^0~M -5 -1032 L -2 -1035 L -5 -1038#@$P~show~0~2~55~-1025~0~gge26438~0^^55~-1025^^M 55 -1025 h -20~#880000^^1~33~-1022~0~NO~end~~~#0000FF^^1~40~-1026~0~2~start~~~#0000FF^^0~38~-1025^^0~M 35 -1028 L 32 -1025 L 35 -1022#@$P~show~0~3~55~-1045~~gge26459~0^^55~-1045^^M 55 -1045 h -20~#880000^^1~33~-1042~0~NC~end~~~#0000FF^^1~40~-1046~0~3~start~~~#0000FF^^0~38~-1045^^0~M 35 -1048 L 32 -1045 L 35 -1042#@$R~-5~-1055~~~40~40~#000000~1~0~none~gge26480~0~",
          "F~part_netLabel_netPort~-25~-1035~0~gge26588~~0^^-25~-1035^^ON/OFF~#0000FF~-83.96875~-1031.4018125~0~start~1~Times New Roman~8pt~flag_gge361^^PL~-25 -1035 -30 -1030 -45 -1030 -45 -1040 -30 -1040 -25 -1035~#0000FF~1~0~transparent~gge26600~0",
          "F~part_netLabel_netPort~55~-1045~0~gge26609~~0^^55~-1045^^GND~#0000FF~77~-1041.7~0~start~1~Times New Roman~8pt~flag_gge364^^PL~55 -1045 60 -1040 75 -1040 75 -1050 60 -1050 55 -1045~#0000FF~1~0~transparent~gge26621~0",
          "O~55~-1025~gge26624~M 51 -1029 L 59 -1021 M 59 -1029 L 51 -1021~#33cc33~0",
          "LIB~-495~-870~package`PSU_S-180-12`BOM_Manufacturer``BOM_Manufacturer Part``BOM_Supplier Part``BOM_Supplier``link``Contributor`William Tooker`spicePre`P`spiceSymbolName`PSU_S-180-12`~~0~gge2e49c34e25f217d0~b4ca63776bea4b09a2e95a854f5c1f78~205a03073ad442fdb440af6fcfce4859~0~~yes~yes~a1844efa4f7144c48014ee9ea29f022a~1677304343~ad050f3bb8ff467d8c932f7071f05584#@$T~N~-536.3828125~-946.7109375~0~#000080~Arial~~~~~comment~PSU_S-180-12~1~start~gge14734~0~#@$T~P~-517.1875~-956.7109375~0~#000080~Arial~~~~~comment~PSU1~1~start~gge14740~0~#@$R~-525~-940~~~40~140~#000000~1~0~none~gge26643~0~",
          "LIB~0~-750~package`JUMPER_HEADER`BOM_Manufacturer``BOM_Manufacturer Part``BOM_Supplier Part``BOM_Supplier``link``Contributor`William Tooker`spicePre`J`spiceSymbolName`JUMPER_HEADER`~~0~gge1e43ddbdeb9c3a3d~acdbe353d4a945c69956623c6c6c2ba5~10647435e28746e58bd5235f81817328~0~~yes~yes~4d990d575d2b426fb3cfcfd190eb4b82~1677026364~0827716f3ada47bcbc919b357d46cb70#@$T~N~-24.1171875~-766.75~0~#000080~Arial~~~~~comment~PSU_TEST~1~start~gge26647~0~#@$T~P~-4.9296875~-776.75~0~#000080~Arial~~~~~comment~J1~1~start~gge26653~0~#@$P~show~0~1~-40~-750~180~gge26659~0^^-40~-750^^M -40 -750 h 20~#880000^^1~-18~-747~0~1~start~~~#0000FF^^1~-25~-751~0~1~end~~~#0000FF^^0~-23~-750^^0~M -20 -747 L -17 -750 L -20 -753#@$P~show~0~2~40~-750~~gge26680~0^^40~-750^^M 40 -750 h -20~#880000^^1~18~-747~0~2~end~~~#0000FF^^1~25~-751~0~2~start~~~#0000FF^^0~23~-750^^0~M 20 -753 L 17 -750 L 20 -747#@$R~-20~-760~~~40~20~#000000~1~0~none~gge26701~0~",
          "F~part_netLabel_netPort~40~-750~180~gge26812~~0^^40~-750^^PS_ON~#0000FF~63.6984375~-746.3265625~0~start~1~Times New Roman~8pt~gge26818^^PL~40 -750 45 -755 60 -755 60 -745 45 -745 40 -750~#0000FF~1~0~transparent~gge26824~0",
          "F~part_netLabel_netPort~-40~-750~0~gge26833~~0^^-40~-750^^GND~#0000FF~-62~-746.7~0~end~1~Times New Roman~8pt~gge26839^^PL~-40 -750 -45 -745 -60 -745 -60 -755 -45 -755 -40 -750~#0000FF~1~0~transparent~gge26845~0",
          "J~-420~-645~2.5~#CC0000~gge10300~0",
          "J~-360~-525~2.5~#CC0000~gge10386~0",
          "J~-420~-565~2.5~#CC0000~gge10391~0",
          "J~60~-425~2.5~#CC0000~gge10443~0",
          "J~60~-345~2.5~#CC0000~gge10447~0",
          "J~60~-365~2.5~#CC0000~gge10451~0",
          "J~60~-385~2.5~#CC0000~gge10455~0",
          "J~60~-405~2.5~#CC0000~gge10459~0",
          "J~-80~-425~2.5~#CC0000~gge13091~0",
          "J~-80~-345~2.5~#CC0000~gge13092~0",
          "J~-80~-365~2.5~#CC0000~gge13093~0",
          "J~-80~-385~2.5~#CC0000~gge13094~0",
          "J~-80~-405~2.5~#CC0000~gge13095~0",
          "J~-80~-465~2.5~#CC0000~gge13099~0",
          "J~-295~-945~2.5~#CC0000~gge19221~0",
          "J~-295~-925~2.5~#CC0000~gge19225~0"
        ],
        "BBox": {
          "x": -536.4,
          "y": -1080.6,
          "width": 677.7,
          "height": 915.8
        },
        "colors": {}
      }
    }
  ]
}